ticker,filing_date,start_date,start_price,return_1m,return_3m
FOX,2025-08-06,2025-08-06,48.9875373840332,0.13642803195100006,0.18069133514029856
FOX,2024-08-08,2024-08-08,35.867340087890625,0.01813067461016371,0.16334262457021653
FOX,2023-08-11,2023-08-11,31.143600463867188,-0.08058810588982901,-0.13902259744726553
FOX,2022-08-12,2022-08-12,31.891490936279297,-0.07120046582823802,-0.17274136879867052
FOX,2021-08-10,2021-08-10,31.70292854309082,-0.0027320094829186292,0.12255604424760391
FOX,2020-08-10,2020-08-10,22.6910457611084,0.15583488552190738,0.04613469530858416
FOX,2019-08-09,2019-08-09,32.0578727722168,-0.025681065625357324,-0.024827223562161604
GOOGL,2026-02-05,2026-02-05,330.8193664550781,-0.07448860450122685,0.20232504871410706
GOOGL,2025-02-05,2025-02-05,190.33583068847656,-0.09130814394177766,-0.20789028310347513
GOOGL,2024-01-31,2024-01-31,138.8686065673828,-0.021127706918431022,0.1695932476076798
LYV,2026-02-19,2026-02-19,157.4600067138672,-0.054680555336171555,0.04432868938093559
LYV,2025-02-21,2025-02-21,149.39999389648438,-0.1497991845228891,-0.03326640845880302
LYV,2024-02-22,2024-02-22,93.48999786376952,0.13370414253527496,0.08460802056745775
LYV,2023-02-23,2023-02-23,76.48999786376953,-0.13779580611702114,0.07308150246312062
LYV,2022-02-23,2022-02-23,113.4000015258789,0.039506134631900114,-0.25529104222304677
LYV,2021-03-01,2021-03-01,92.86000061035156,-0.10090461646559057,-0.029614473206167946
LYV,2020-02-27,2020-02-27,57.75,-0.183549757127638,-0.15134202040635147
LYV,2019-02-28,2019-02-28,56.560001373291016,0.12340875835856058,0.08946247234327687
LYV,2018-02-27,2018-02-27,47.75,-0.12209427918439131,-0.1013612597400605
LYV,2017-02-23,2018-01-02,42.650001525878906,0.0778428974453782,-0.09894492543318056
LYV,2016-02-25,2018-01-02,42.650001525878906,0.0778428974453782,-0.09894492543318056
LYV,2015-02-26,2018-01-02,42.650001525878906,0.0778428974453782,-0.09894492543318056
LYV,2014-02-24,2018-01-02,42.650001525878906,0.0778428974453782,-0.09894492543318056
LYV,2013-02-26,2018-01-02,42.650001525878906,0.0778428974453782,-0.09894492543318056
PSKY,2026-02-25,2026-02-25,10.059467315673828,-0.12146510334167737,0.05068023521925613
DASH,2026-02-18,2026-02-18,173.3800048828125,-0.08143966996379004,-0.10802866800579303
DASH,2025-02-14,2025-02-14,213.3800048828125,-0.1320179844611784,-0.053332105269480845
DASH,2024-02-20,2024-02-20,115.4800033569336,0.19423276457524508,-0.013162488987489951
DASH,2023-02-27,2023-02-27,54.18999862670898,0.08949995223708895,0.24451013379739517
DASH,2022-03-01,2022-03-01,102.43000030517578,0.15425171341095312,-0.24914572456344009
GPC,2026-02-20,2026-02-20,115.7275161743164,-0.13615349882787753,-0.16555811837279777
GPC,2025-02-21,2025-02-21,115.5109634399414,0.00028870059172714235,0.05184906751558249
GPC,2024-02-22,2024-02-22,134.81381225585938,0.07387089172598849,0.030538446511086725
GPC,2023-02-23,2023-02-23,161.69229125976562,-0.12238538045834413,-0.11432982789114987
GPC,2022-02-17,2022-02-17,112.01158142089844,0.012504578866228577,0.04186633293333086
GPC,2021-02-19,2021-02-19,87.47320556640625,0.13509839438834836,0.28745523008231455
GPC,2020-02-21,2020-02-21,79.47235107421875,-0.4726212487759922,-0.190946854059866
GPC,2019-02-25,2019-02-25,87.85281372070312,0.0029029849994495205,-0.09437428115776192
LEN,2026-01-28,2026-01-28,109.71604919433594,0.03683005182918042,-0.19145831684711911
LEN,2025-01-23,2025-01-23,130.97105407714844,-0.10599949739721892,-0.18122674923301818
LEN,2024-01-26,2024-01-26,138.5296173095703,0.03699944386169918,0.0432718335501967
LEN,2023-01-26,2023-01-26,92.18143463134766,-0.041191964679217374,0.12052401819008707
LEN,2022-01-28,2022-01-28,84.5337142944336,-0.032969305152715234,-0.1772164682626891
LEN,2021-01-22,2021-01-22,75.47950744628906,0.014563869304829113,0.21019270714881366
LEN,2020-01-27,2020-01-27,59.55335235595703,-0.03670691591625019,-0.3239344398385965
LEN,2019-01-28,2019-01-28,39.23738479614258,0.09703480851597535,0.17250852992632115
LEN,2018-01-25,2018-01-25,60.145729064941406,-0.13173627286935452,-0.2065151664486775
LEN,2017-01-20,2018-01-02,56.92490005493164,-0.030297829703171297,-0.030606289647707507
LEN,2016-01-22,2018-01-02,56.92490005493164,-0.030297829703171297,-0.030606289647707507
LULU,2026-03-17,2026-03-17,159.27000427246094,0.022917020145490685,-0.2748163690482749
LULU,2025-03-27,2025-03-27,341.5299987792969,-0.21377334356155764,-0.3118613149284867
LULU,2024-03-21,2024-03-21,478.8399963378906,-0.2444448849055063,-0.3488012494591517
LULU,2023-03-28,2023-03-28,320.3099975585937,0.1803564966875697,0.17464332324242648
LULU,2022-03-29,2022-03-29,343.9700012207031,0.05366744596786388,-0.17731194586135346
LULU,2021-03-30,2021-03-30,317.0899963378906,0.08139644219835507,0.15632788134822473
LULU,2020-03-26,2020-03-26,200.8000030517578,0.129930258672186,0.4697709183138825
LULU,2019-03-27,2019-03-27,146.8000030517578,0.20633509983956433,0.207833745726006
LULU,2018-03-27,2018-03-27,78.70999908447266,0.2504128994248829,0.610849985901468
LULU,2017-03-29,2018-01-02,79.69000244140625,-0.011042851748681248,0.10729069093265298
LULU,2016-03-30,2018-01-02,79.69000244140625,-0.011042851748681248,0.10729069093265298
LULU,2015-03-26,2018-01-02,79.69000244140625,-0.011042851748681248,0.10729069093265298
LULU,2014-03-27,2018-01-02,79.69000244140625,-0.011042851748681248,0.10729069093265298
LULU,2013-03-21,2018-01-02,79.69000244140625,-0.011042851748681248,0.10729069093265298
MAR,2026-02-10,2026-02-10,357.95050048828125,-0.11807118945153006,-0.023496072492510622
MAR,2025-02-11,2025-02-11,284.1049499511719,-0.1742326778165777,-0.04599491425526325
MAR,2024-02-13,2024-02-13,229.47755432128903,0.057852957512384284,0.006112025361191709
MAR,2023-02-14,2023-02-14,175.20846557617188,-0.10901581908130853,-0.03469795937491449
MAR,2022-02-15,2022-02-15,174.06884765625,-0.054966805098557336,-0.08850243903807364
MAR,2021-02-18,2021-02-18,126.78591918945312,0.1538112335934756,0.056447903380437925
MAR,2020-02-27,2020-02-27,114.93155670166016,-0.3409395678221948,-0.23403542771195152
MAR,2019-03-01,2019-03-01,117.7729721069336,0.024105868473905057,0.006916357139937546
MAR,2018-02-15,2018-02-15,131.68019104003906,-0.008097992616972416,-0.016079991721701825
ROST,2025-04-01,2025-04-01,127.58452606201172,0.07605915985514122,0.02157664294510253
ROST,2024-04-02,2024-04-02,140.48837280273438,-0.11038404717430539,0.0075725699643511835
ROST,2023-03-28,2023-03-28,99.74111938476562,0.023366230999012583,0.05383435878465881
ROST,2022-03-29,2022-03-29,91.1993408203125,0.09021456154088114,-0.2456292120920085
ROST,2021-03-30,2021-03-30,113.64674377441406,0.0897157917081377,0.017213051693532266
ROST,2020-03-31,2020-03-31,81.91462707519531,0.05047708265303519,-0.01989174713976738
ROST,2019-04-02,2019-04-02,87.40967559814453,0.027730739416848893,0.049841576662432496
ROST,2018-04-03,2018-04-03,70.29491424560547,0.04606327863034321,0.11275943039139014
ROST,2017-03-28,2018-01-02,74.04419708251953,0.018633564692289717,-0.02036059107351673
ROST,2016-03-29,2018-01-02,74.04419708251953,0.018633564692289717,-0.02036059107351673
ROST,2015-03-31,2018-01-02,74.04419708251953,0.018633564692289717,-0.02036059107351673
ROST,2014-04-01,2018-01-02,74.04419708251953,0.018633564692289717,-0.02036059107351673
TPR,2025-08-14,2025-08-14,94.4730987548828,0.15569042746304596,0.09075693677137742
TPR,2024-08-15,2024-08-15,37.83049774169922,0.1129896850249037,0.3188131375517569
TPR,2023-08-17,2023-08-17,32.17302703857422,-0.11272834156552203,-0.09782858977615039
TPR,2022-08-18,2022-08-18,33.87281036376953,-0.11070820674101423,-0.07768177320617675
TPR,2021-08-19,2021-08-19,35.28608322143555,-0.04791160249663917,0.13193582510768875
TPR,2020-08-13,2020-08-13,13.554003715515137,0.13545042312689848,0.642255429993084
TPR,2019-08-15,2019-08-15,16.363447189331055,0.33252653319515346,0.35968898583182796
TPR,2018-08-16,2018-08-16,41.66819763183594,-0.010299487286905107,-0.19487647609627623
TPR,2017-08-18,2018-01-02,36.1908073425293,0.037560806910108324,0.17042040736347697
TPR,2016-08-19,2018-01-02,36.1908073425293,0.037560806910108324,0.17042040736347697
TPR,2015-08-14,2018-01-02,36.1908073425293,0.037560806910108324,0.17042040736347697
TPR,2014-08-15,2018-01-02,36.1908073425293,0.037560806910108324,0.17042040736347697
ULTA,2026-03-26,2026-03-26,521.6400146484375,0.03454481632939599,-0.06362625854877102
ULTA,2025-03-27,2025-03-27,370.3399963378906,0.04347358174304872,0.23743045186930267
ULTA,2024-03-26,2024-03-26,514.3400268554688,-0.20673097860945366,-0.2458685215416686
ULTA,2023-03-24,2023-03-24,513.97998046875,0.054243367333852044,-0.09807769769273367
ULTA,2022-03-25,2022-03-25,395.0700073242188,0.031032422154956274,0.013719044244500767
ULTA,2021-03-26,2021-03-26,303.0,0.08630361021942035,0.15135308696885308
ULTA,2020-03-27,2020-03-27,174.4499969482422,0.2535396761323059,0.08908001614658945
ULTA,2019-04-02,2019-04-02,347.29998779296875,-0.01042325149560741,-0.017189753615142522
ULTA,2018-04-03,2018-04-03,204.3800048828125,0.21548092882855396,0.13778250186199337
ULTA,2017-03-28,2018-01-02,229.6300048828125,-0.04454997504158398,-0.10151111380452904
ULTA,2016-03-30,2018-01-02,229.6300048828125,-0.04454997504158398,-0.10151111380452904
ULTA,2015-04-01,2018-01-02,229.6300048828125,-0.04454997504158398,-0.10151111380452904
ULTA,2014-04-02,2018-01-02,229.6300048828125,-0.04454997504158398,-0.10151111380452904
ULTA,2013-04-03,2018-01-02,229.6300048828125,-0.04454997504158398,-0.10151111380452904
ULTA,2012-03-28,2018-01-02,229.6300048828125,-0.04454997504158398,-0.10151111380452904
ULTA,2011-03-30,2018-01-02,229.6300048828125,-0.04454997504158398,-0.10151111380452904
ULTA,2010-03-31,2018-01-02,229.6300048828125,-0.04454997504158398,-0.10151111380452904
ULTA,2009-04-02,2018-01-02,229.6300048828125,-0.04454997504158398,-0.10151111380452904
ULTA,2008-04-16,2018-01-02,229.6300048828125,-0.04454997504158398,-0.10151111380452904
CL,2026-02-23,2026-02-23,96.5002670288086,-0.12945418039459755,-0.0610388613401307
CL,2025-02-13,2025-02-13,85.11074829101562,0.03373227667163037,0.02713758319113313
CL,2024-02-15,2024-02-15,79.33147430419922,0.056240181532553724,0.1377079639762322
CL,2023-02-16,2023-02-16,67.35970306396484,0.004259952830290237,0.10209253150791864
CL,2022-02-17,2022-02-17,71.47286987304688,-0.06317102778239159,-0.04534978947687529
CL,2021-02-18,2021-02-18,69.5071029663086,-0.04750991582729036,0.06298919864968022
CL,2020-02-21,2020-02-21,65.8118667602539,-0.20715884931915296,-0.0732005787556429
CL,2019-02-21,2019-02-21,56.16667938232422,-0.010495010852528242,0.07913489205676982
CL,2018-02-15,2018-02-15,58.45561218261719,-0.016287617656939646,-0.12025982087457732
HSY,2026-02-17,2026-02-17,217.72613525390625,-0.030446635690207557,-0.11939834184835563
HSY,2025-02-18,2025-02-18,156.92642211914062,0.02675021124370769,-0.03140486546036547
HSY,2024-02-20,2024-02-20,180.8090057373047,0.023040805353880423,0.0822295524899408
HSY,2023-02-17,2023-02-17,219.80430603027344,0.010386811055393963,0.10961961722571067
HSY,2022-02-18,2022-02-18,181.7321014404297,0.028185066408508375,0.02612108569315108
HSY,2021-02-17,2021-02-17,132.42495727539062,0.037106206736983616,0.14821304168574612
KMB,2026-02-12,2026-02-12,105.49018096923828,-0.0624572885905923,-0.09602779643517168
KMB,2025-02-13,2025-02-13,126.7091827392578,0.04284109381813361,0.02375959671546779
KMB,2024-02-08,2024-02-08,108.61214447021484,0.06453380796067099,0.14749314256641144
KMB,2023-02-09,2023-02-09,111.56647491455078,-0.031076626583669054,0.13109275843843382
KMB,2022-02-10,2022-02-10,109.9368133544922,-0.08213849647020988,0.07574437331458284
KMB,2021-02-11,2021-02-11,107.18873596191406,0.025307410785424755,0.021488753788228676
KMB,2020-02-13,2020-02-13,114.04539489746094,-0.06253058069094541,-0.04944716265375315
KMB,2019-02-07,2019-02-07,86.5573501586914,0.046597318964905377,0.12500972874539062
KMB,2018-02-08,2018-02-08,82.22570037841797,0.021405175436537194,-0.06198003300769461
PEP,2026-02-03,2026-02-03,159.7274627685547,-0.013202458296550201,-0.03945271157087016
PEP,2025-02-04,2025-02-04,135.33065795898438,0.07749686267833122,-0.08080043702637141
PEP,2024-02-09,2024-02-09,153.22886657714844,-0.011178940624120282,0.08046757983737707
PEP,2023-02-09,2023-02-09,153.4923858642578,0.012176521235074844,0.13821072826605718
PEP,2022-02-10,2022-02-10,145.6770782470703,-0.06803264616779159,0.01871334028064875
PEP,2021-02-11,2021-02-11,113.46373748779295,-0.006503397443194836,0.0931224813690823
PEP,2020-02-13,2020-02-13,119.64462280273438,-0.22268305311929681,-0.08528305592505059
PEP,2019-02-15,2019-02-15,91.95336151123048,0.0270689651310001,0.13509002397923542
PEP,2018-02-13,2018-02-13,86.10356903076172,0.006042743926930161,-0.1304135554101019
PEP,2017-02-15,2018-01-02,90.6490707397461,0.01897335828517388,-0.0598485635928967
PEP,2016-02-11,2018-01-02,90.6490707397461,0.01897335828517388,-0.0598485635928967
PEP,2015-02-12,2018-01-02,90.6490707397461,0.01897335828517388,-0.0598485635928967
PM,2026-02-06,2026-02-06,179.70266723632812,-0.05437338254566493,-0.05630749238727639
PM,2025-02-06,2025-02-06,137.97512817382812,0.03626473595656354,0.1940422930441219
PM,2024-02-08,2024-02-08,80.47713470458984,0.06066731707169093,0.13290882255044156
PM,2023-02-10,2023-02-10,87.65290069580078,-0.04894505894894008,-0.05823285394932354
PM,2022-02-11,2022-02-11,87.69751739501953,-0.14171918874882128,-0.019611491881163512
PM,2021-02-09,2021-02-09,66.0866928100586,0.01167832567450322,0.15142491181426254
PM,2020-02-07,2020-02-07,63.329864501953125,-0.0311035527779826,-0.1619116270149331
PM,2019-02-07,2019-02-07,52.45342254638672,0.16303912264051457,0.1076862770765834
PM,2018-02-13,2018-02-13,66.73480987548828,0.018825628939535655,-0.2159911353122448
APA,2026-02-26,2026-02-26,28.90651512145996,0.5254295532419302,0.26372890768065327
APA,2025-02-28,2025-02-28,19.551897048950195,0.01545875575868294,-0.16478985837725257
APA,2024-02-22,2024-02-22,27.52933692932129,0.10721379676069942,0.004767447169570005
APA,2023-02-23,2023-02-23,34.686431884765625,-0.1178426102295872,-0.11546502522864144
APA,2022-02-22,2022-02-22,27.032922744750977,0.3115335830986683,0.4263805280406736
PSX,2026-02-20,2026-02-20,153.36654663085938,0.14422581566267345,0.13486289464860812
PSX,2025-02-21,2025-02-21,122.22208404541016,-0.009088699905798414,-0.10625476711985526
PSX,2024-02-21,2024-02-21,132.87258911132812,0.10818531321651581,0.012090118234649783
PSX,2023-02-22,2023-02-22,88.76140594482422,-0.05961586314753953,-0.027902719024663236
PSX,2022-02-18,2022-02-18,72.93745422363281,-0.0620665690521961,0.11383717546483507
PSX,2021-02-24,2021-02-24,71.47261810302734,-0.0551286024137978,-0.03587786968463802
PSX,2020-02-21,2020-02-21,69.295166015625,-0.528403310661551,-0.12527414888332222
PSX,2019-02-22,2019-02-22,72.84839630126953,-0.015406898653541945,-0.14629034124618978
PSX,2018-02-23,2018-02-23,66.6607894897461,0.045410039619505405,0.3024616237187352
PSX,2017-02-17,2018-01-02,73.30451202392578,-0.008747244141937949,-0.04943699470731622
PSX,2016-02-19,2018-01-02,73.30451202392578,-0.008747244141937949,-0.04943699470731622
TRGP,2026-02-19,2026-02-19,223.03982543945312,0.0591095876634673,0.21363976997412215
TRGP,2025-02-20,2025-02-20,199.0023193359375,-0.03566198142957988,-0.2121374047908665
TRGP,2024-02-15,2024-02-15,88.85903930664062,0.15106690757703412,0.25313756446762103
TRGP,2023-02-22,2023-02-22,70.22948455810547,-0.11527270858747174,-0.05452303223890964
TRGP,2022-02-24,2022-02-24,56.58977127075195,0.2181965098109031,0.1404151990179221
TRGP,2021-02-18,2021-02-18,26.5764102935791,0.09813880641693462,0.2937635413669586
TRGP,2020-02-20,2020-02-20,34.65975570678711,-0.8149555979756208,-0.5563184147829036
TRGP,2019-03-01,2019-03-01,33.40715408325195,0.01581949612245981,-0.05750321011112203
TRGP,2018-02-16,2018-02-16,35.55410385131836,-0.030891296895645515,0.028737716992863316
TRGP,2017-02-21,2018-01-02,35.737979888916016,0.01562000820409093,-0.09277379285065679
AFL,2026-02-25,2026-02-25,111.86076354980467,-0.03762010621605205,0.026722818881756538
AFL,2025-02-26,2025-02-26,103.0310516357422,0.04697098430847335,-0.030780068193635768
AFL,2024-02-22,2024-02-22,75.97762298583984,0.05662286405666528,0.10687621949364257
AFL,2023-02-24,2023-02-24,63.88787078857422,-0.07962677176769617,-0.05172505415928108
AFL,2022-02-23,2022-02-23,55.94718170166016,0.04708555402626624,-0.06658130951005925
AFL,2021-02-23,2021-02-23,43.70246887207031,0.012992282002803668,0.1510687531969197
AFL,2020-02-21,2020-02-21,44.40300369262695,-0.5014552858806212,-0.3182012496412151
AFL,2019-02-25,2019-02-25,41.327396392822266,0.017769781762124515,0.06782318442707957
AFL,2018-02-23,2018-02-23,36.9616813659668,-0.01551889856039912,0.017504804019038422
AFL,2017-02-24,2018-01-02,36.09086608886719,0.019552047541677497,0.011665358137466386
AIZ,2026-02-19,2026-02-19,222.15773010253903,-0.04535257084993394,0.1495155442946583
AIZ,2025-02-20,2025-02-20,197.19720458984372,0.029157235538687987,-0.0415462788919051
AIZ,2024-02-15,2024-02-15,166.7205810546875,0.0340850432904396,0.017216324065091326
AIZ,2023-02-17,2023-02-17,124.83853149414062,-0.11578249638387872,-0.020556949907705513
AIZ,2022-02-22,2022-02-22,152.96408081054688,0.0884052457072333,0.0854859429562358
AIZ,2021-02-19,2021-02-19,112.83973693847656,0.14143256347307287,0.27280855543528015
AIZ,2020-02-19,2020-02-19,125.41960144042967,-0.4042293818637851,-0.300412348733177
AIZ,2019-02-22,2019-02-22,86.3120346069336,-0.03843803607696605,0.0190156695460153
AIZ,2018-02-14,2018-02-14,76.36518096923828,0.009672069188998211,0.0546934327418489
AIZ,2017-02-14,2018-01-02,84.53499603271484,-0.06217909452841475,-0.07522925413335224
AIZ,2016-02-16,2018-01-02,84.53499603271484,-0.06217909452841475,-0.07522925413335224
AIZ,2015-02-19,2018-01-02,84.53499603271484,-0.06217909452841475,-0.07522925413335224
AMP,2026-02-19,2026-02-19,470.7109069824219,-0.07088880467808656,-0.028554507170686638
AMP,2025-02-20,2025-02-20,532.1174926757812,-0.08940673966098323,-0.052118077408753405
AMP,2024-02-22,2024-02-22,391.609375,0.06652135057155961,0.08980751319175684
AMP,2023-02-23,2023-02-23,323.9541320800781,-0.14052310578409788,-0.13167759567320048
AMP,2022-02-25,2022-02-25,284.4140930175781,0.027512636966866122,-0.08972946606219678
AMP,2021-02-24,2021-02-24,214.5976104736328,-0.019000532499271694,0.09690377519870252
AMP,2020-02-26,2020-02-26,140.5199432373047,-0.2892948453787362,-0.05467322321417423
ERIE,2026-02-23,2026-02-23,262.252685546875,-0.08810704048736395,-0.14498493977305638
ERIE,2025-02-27,2025-02-27,395.8854064941406,0.014025267389397689,-0.11780897758644471
ERIE,2024-02-26,2024-02-26,342.1614074707031,0.14554994695389611,0.10108344270329539
ERIE,2023-03-01,2023-03-01,222.06002807617188,-0.03059666489062063,-0.08167347239998335
ERIE,2022-02-24,2022-02-24,167.77137756347656,-0.014316422867895695,-0.09211614483406871
ERIE,2021-02-25,2021-02-25,223.14996337890625,-0.09343502031815953,-0.20208903557872904
GPN,2026-02-20,2026-02-20,81.88611602783203,-0.13552465452967988,-0.11691155212575222
GPN,2025-02-14,2025-02-14,103.6456527709961,-0.09002474265263638,-0.21808190080811674
GPN,2024-02-14,2024-02-14,135.1484832763672,-0.06373017958153515,-0.21554599585800804
GPN,2023-02-17,2023-02-17,112.09803771972656,-0.11694514784473653,-0.12116868035843664
GPN,2022-02-18,2022-02-18,130.57595825195312,0.004375264244178112,-0.10453271813276566
GPN,2021-02-19,2021-02-19,184.595458984375,0.050880220684218935,0.007529645431905374
GPN,2020-02-21,2020-02-21,193.45982360839844,-0.4314709695870588,-0.13591605623435998
GPN,2019-02-21,2019-02-21,119.6914291381836,0.05836445811643731,0.18963322421731754
GPN,2018-02-23,2018-02-23,108.15968322753906,-0.0003518447797392632,-0.013720253491890322
GPN,2016-07-28,2018-01-02,94.079833984375,0.1208317222480284,0.10917416848535488
KEY,2026-02-23,2026-02-23,20.59996032714844,-0.047299466904289544,0.03633820948876254
KEY,2025-02-21,2025-02-21,15.83669662475586,-0.009303395523781344,-0.06191733339435557
KEY,2024-02-22,2024-02-22,12.746801376342772,0.06266344655352896,0.06266344655352896
KEY,2023-02-22,2023-02-22,15.09659481048584,-0.37341745164080664,-0.4184513927322596
KEY,2022-02-22,2022-02-22,20.4249267578125,-0.07375185646153204,-0.25372445591109305
KEY,2021-02-22,2021-02-22,15.797223091125488,-0.05131470512187186,0.13881666487469135
KEY,2020-02-26,2020-02-26,12.918557167053224,-0.34402084616452777,-0.2707526135403363
KEY,2019-02-25,2019-02-25,12.353408813476562,-0.11634989741759127,-0.036476893327882065
L,2026-02-10,2026-02-10,109.83316802978516,-0.013345602437001336,-0.05010741485878112
L,2025-02-11,2025-02-11,84.52449035644531,-0.0004377732810990631,0.044852084080631904
L,2024-02-06,2024-02-06,72.29708099365234,0.03232661711968077,0.0695783497111635
L,2023-02-07,2023-02-07,62.05709838867188,-0.07203752716393086,-0.06485897131380736
L,2022-02-08,2022-02-08,60.81255340576172,-0.012755458250672591,0.016910549889264992
L,2021-02-09,2021-02-09,47.15245056152344,0.04519764687075156,0.20132149131621002
L,2020-02-12,2020-02-12,52.53334045410156,-0.3129128695184914,-0.46533076034942245
L,2019-02-13,2019-02-13,45.328067779541016,0.022938391401593705,0.09658588976494076
L,2018-02-15,2018-02-15,48.10698318481445,0.023319324615887593,0.03255129646386079
MA,2026-02-11,2026-02-11,536.5379638671875,-0.07343801439667974,-0.08554464419988628
MA,2025-02-12,2025-02-12,560.3956909179688,-0.06546212431205589,0.016984328199145082
MA,2024-02-13,2024-02-13,454.4490966796875,0.04130655920052573,-0.01222874590333689
MA,2023-02-14,2023-02-14,362.9331359863281,-0.05935761864548794,0.029399223533505436
MA,2022-02-11,2022-02-11,360.5219421386719,-0.0940314212885286,-0.09873194271373897
MA,2021-02-12,2021-02-12,330.8338623046875,0.12134891968868611,0.06845154086925986
MA,2020-02-14,2020-02-14,329.0334167480469,-0.3023023035092486,-0.180609078270751
MA,2019-02-13,2019-02-13,211.73751831054688,0.048199500880269586,0.13130452140788362
MS,2026-02-19,2026-02-19,173.4379425048828,-0.07398057912471889,0.14029261081030797
SPGI,2026-02-11,2026-02-11,367.9739074707031,0.08371391092332248,0.04282682808071714
SPGI,2025-02-11,2025-02-11,505.2557373046875,-0.11062664062207439,-0.04442179434677718
SPGI,2024-02-09,2024-02-09,406.1664733886719,-0.019155981815071166,-0.012382278417670478
SPGI,2023-02-10,2023-02-10,334.2645874023437,-0.08317144734744664,-0.009848188407715508
SPGI,2022-02-08,2022-02-08,363.9665222167969,-0.040750751166209964,-0.17799044225631167
SPGI,2021-02-09,2021-02-09,300.2656555175781,0.04076305720896367,0.1448875685339266
SPGI,2020-02-10,2020-02-10,265.681884765625,-0.1876354833937217,0.016232966653281
SPGI,2019-02-13,2019-02-13,174.9158477783203,0.03334663667526372,0.07678008528968783
SPGI,2018-02-09,2018-02-09,155.8194122314453,0.1065507574046094,0.12971106607162852
SYF,2026-02-06,2026-02-06,74.85628509521484,-0.12905803081527378,-0.02292774352057869
SYF,2025-02-07,2025-02-07,66.01435089111328,-0.22966356021340562,-0.17114016045751623
SYF,2024-02-08,2024-02-08,37.30377197265625,0.09413577721966337,0.1922867053347186
SYF,2023-02-09,2023-02-09,33.7293815612793,-0.192880986161997,-0.237712304575176
SYF,2022-02-10,2022-02-10,40.04450988769531,-0.1960118230865694,-0.2471791185421801
TFC,2026-02-24,2026-02-24,49.14083480834961,-0.08598464133023076,-0.009377832203524727
TFC,2025-02-25,2025-02-25,42.62602996826172,-0.07021039079633562,-0.10159065228896869
TFC,2024-02-27,2024-02-27,31.377376556396484,0.10636430535642627,0.09676050658260493
TFC,2023-02-28,2023-02-28,39.487422943115234,-0.26581471031284587,-0.3252298652422655
TFC,2022-02-23,2022-02-23,48.82574081420898,-0.029868020899457837,-0.2195618926705405
TFC,2021-02-24,2021-02-24,47.02002334594727,-0.04454050322987557,0.005764311374874653
ABT,2026-02-20,2026-02-20,111.51042175292967,-0.06559126660332915,-0.21289871149859174
ABT,2025-02-21,2025-02-21,131.60935974121094,-0.057144970563414055,-0.020833490335415594
ABT,2024-02-16,2024-02-16,108.99128723144533,-0.007455424324146254,-0.08248188783949506
ABT,2023-02-17,2023-02-17,100.00984191894533,-0.07878962412909507,0.02561721449228682
ABT,2022-02-18,2022-02-18,107.5130844116211,0.04366803612415726,-0.02653208869883561
ABT,2021-02-19,2021-02-19,111.59822082519533,-0.012760023960509348,-0.03907235201439063
ABT,2020-02-21,2020-02-21,78.10374450683594,-0.28164669606398773,0.03797175676898035
ABT,2019-02-22,2019-02-22,66.91022491455078,0.027584427330404004,-0.00250203618973055
BAX,2026-02-12,2026-02-12,18.69109535217285,-0.08667059815294975,-0.049238957389430515
BAX,2025-02-21,2025-02-21,33.18550109863281,-0.0016698891185349396,-0.1006113654076497
BAX,2024-02-08,2024-02-08,38.58695983886719,0.08219298609834169,-0.10522454015386529
BAX,2023-02-09,2023-02-09,37.18097305297852,-0.023989796003167974,0.08841422218993777
BAX,2022-02-23,2022-02-23,78.05140686035156,-0.0910368302015746,-0.13526794869463954
BAX,2021-02-11,2021-02-11,69.89866638183594,0.013566282802929264,0.07450633382807093
BAX,2020-03-17,2020-03-17,71.64664459228516,0.12445632028303244,0.0585115179436535
BAX,2019-02-21,2019-02-21,65.02045440673828,0.046008377256020916,0.02339257865279354
BAX,2018-02-23,2018-02-23,59.42055130004883,-0.039717679070352396,0.06175110698701358
BAX,2017-02-23,2018-01-02,58.38614654541016,0.041387590850864964,-0.038821402236491886
CNC,2026-02-17,2026-02-17,41.22999954223633,-0.12296870606633092,0.41232112997200177
CNC,2025-02-18,2025-02-18,55.93000030517578,0.0590023103710795,0.10048272664437463
CNC,2024-02-20,2024-02-20,79.29000091552734,-0.017782868531071694,-0.021692536269933393
CNC,2023-02-21,2023-02-21,72.2699966430664,-0.11996677143580747,-0.09782759129963947
CNC,2022-02-22,2022-02-22,81.33000183105469,0.013893977966031423,0.057912196956009465
CNC,2021-02-22,2021-02-22,58.27999877929688,0.09917637097394949,0.26509960365896745
CNC,2020-02-18,2020-02-18,66.70999908447266,-0.2103132809450522,0.015439945936629673
CNC,2019-02-19,2019-02-19,64.41000366210938,-0.08896138846681045,-0.13817737672031527
HCA,2026-02-10,2026-02-10,500.3016662597656,0.06081078402099327,-0.14285601003056936
HCA,2025-02-14,2025-02-14,312.7630310058594,0.046475334871947105,0.22828353751856723
HCA,2024-02-16,2024-02-16,302.82086181640625,0.07327513490601567,0.04852797094055994
HCA,2023-02-17,2023-02-17,255.619384765625,-0.01339686939180551,0.07729650043886571
HCA,2022-02-18,2022-02-18,234.97982788085935,0.06881129283688381,-0.15931952426414187
HCA,2021-02-19,2021-02-19,169.2678985595703,0.06360750305075902,0.16551470859335504
HCA,2020-02-20,2020-02-20,140.55966186523438,-0.4681930124217871,-0.27904588481757686
HCA,2019-02-21,2019-02-21,133.11839294433594,-0.05057022274180778,-0.09456717736619258
HCA,2018-02-23,2018-02-23,93.4099349975586,-0.025001496721465344,0.030922959723613364
LH,2026-02-24,2026-02-24,285.6264038085937,-0.07119575750854257,-0.09762617413968344
LH,2025-02-25,2025-02-25,248.785888671875,-0.07459014824926147,-0.017678935396216233
LH,2024-02-26,2024-02-26,209.9280242919922,-0.009049965172592822,-0.07002369484809501
LH,2023-02-28,2023-02-28,197.68035888671875,-0.07327879658947234,-0.11165788510850483
LH,2022-02-25,2022-02-25,225.8388214111328,-0.0007590246674908929,-0.09308781491094975
LH,2021-02-25,2021-02-25,193.10150146484372,0.0689974002576037,0.16327741384896233
LH,2020-02-28,2020-02-28,143.43211364746094,-0.24896108677828344,-0.0021057520733849255
LH,2019-02-28,2019-02-28,121.02212524414062,0.03197544011036779,0.1020642754169363
RVTY,2026-02-24,2026-02-24,97.5436782836914,-0.10018447045793799,-0.007316480833961525
RVTY,2025-02-25,2025-02-25,115.0733871459961,-0.07039568454313738,-0.20080582651915924
RVTY,2024-02-27,2024-02-27,104.9853515625,-0.0020826066229477913,0.05971728059160042
RVTY,2023-03-01,2023-03-01,122.4494400024414,0.06072882515572098,-0.06575234803556673
RVTY,2022-03-03,2022-03-03,177.1221466064453,-0.04150836539704894,-0.15684711338688373
RVTY,2021-03-02,2021-03-02,125.96765899658205,0.005959299570166943,0.11216750844733259
RVTY,2020-02-25,2020-02-25,84.48225402832031,-0.12536482036271535,0.13780406814326907
RVTY,2019-02-26,2019-02-26,90.93767547607422,0.019118607062127202,-0.08467116125054464
RVTY,2018-02-27,2018-02-27,75.32294464111328,-0.027030418843665194,-0.0418524604493854
RVTY,2017-02-28,2018-01-02,72.28365325927734,0.08362029193941578,0.022410899814583773
RVTY,2016-03-01,2018-01-02,72.28365325927734,0.08362029193941578,0.022410899814583773
RVTY,2015-02-24,2018-01-02,72.28365325927734,0.08362029193941578,0.022410899814583773
RVTY,2014-02-25,2018-01-02,72.28365325927734,0.08362029193941578,0.022410899814583773
RVTY,2013-02-26,2018-01-02,72.28365325927734,0.08362029193941578,0.022410899814583773
STE,2025-05-29,2025-05-29,242.4496307373047,-0.01720202157707451,0.0014131630086111624
STE,2024-05-29,2024-05-29,218.91839599609372,-0.015094546357867666,0.06354894488311058
STE,2023-05-26,2023-05-26,194.57276916503903,0.08452144650038229,0.13922503833072164
STE,2022-05-31,2022-05-31,219.38482666015625,-0.09486365043855716,-0.12845234852761267
STE,2021-05-28,2021-05-28,182.4374084472656,0.08173546183249614,0.1191975589605343
STE,2020-05-29,2020-05-29,156.78817749023438,-0.09561909322090811,-0.04935432353602387
STE,2019-05-30,2019-05-30,124.84709930419922,0.11916120053832935,0.14983152915501674
VRTX,2026-02-13,2026-02-13,491.4700012207031,-0.05896598147261922,-0.11093248596711125
VRTX,2025-02-13,2025-02-13,462.5799865722656,0.11064037502487989,-0.06096239030662787
VRTX,2024-02-15,2024-02-15,426.2900085449219,-0.03497619780722161,0.0336625438454381
VRTX,2023-02-10,2023-02-10,297.3999938964844,-0.007229300405543149,0.16815740010751967
VRTX,2022-02-09,2022-02-09,244.2400054931641,-0.03177206678306532,-0.03799540849403005
VRTX,2021-02-11,2021-02-11,210.5,0.04346790449636306,0.018289815218601513
ZBH,2026-02-20,2026-02-20,98.22156524658205,-0.11088599068346316,-0.13375532280050406
ZBH,2025-02-25,2025-02-25,105.73114013671876,0.030647278558724622,-0.1205231458310605
ZBH,2024-02-23,2024-02-23,126.14654541015624,-0.009831090316602675,-0.10150287765781141
ZBH,2023-02-24,2023-02-24,118.89611053466795,0.02689478425593128,0.04355256250484896
ZBH,2022-02-25,2022-02-25,118.2104263305664,0.023668851006742875,-0.017300611065764082
ZBH,2021-02-22,2021-02-22,148.6321258544922,-0.02619417078039643,0.045121143073611814
ZBH,2020-02-21,2020-02-21,144.74371337890625,-0.4865619311307997,-0.2229294162592912
ZBH,2019-02-26,2019-02-26,112.6186294555664,0.02861545534158605,-0.08923065541849085
ZBH,2018-02-27,2018-02-27,106.92952728271484,-0.08244584358123774,-0.07302960365145161
ADP,2025-08-06,2025-08-06,293.4841003417969,-0.018797142984003035,-0.13616750409981937
ADP,2024-08-07,2024-08-07,246.79591369628903,0.04113393722783898,0.13032217042927563
ADP,2023-08-03,2023-08-03,231.1269378662109,0.03125000206309658,-0.14748914563711202
ADP,2022-08-03,2022-08-03,223.05825805664065,0.006712592519016791,0.0015258908223951817
ADP,2021-08-04,2021-08-04,189.9645233154297,-0.025801888667951967,0.066959877553463
ADP,2020-08-05,2020-08-05,118.15298461914062,0.032425495985289876,0.2435338075341258
ADP,2019-08-09,2019-08-09,143.79364013671875,-0.020270680393817297,-0.028804625803562467
ADP,2018-08-03,2018-08-03,112.7716293334961,0.08610767337408176,0.05455462589885274
CARR,2026-02-05,2026-02-05,62.87604141235352,-0.0694135389144549,0.06908767967533214
CARR,2025-02-11,2025-02-11,64.0076675415039,-0.01396566206331562,0.14934657891847936
CARR,2024-02-06,2024-02-06,52.709716796875,0.09648312115850466,0.18689714287699344
CARR,2023-02-07,2023-02-07,42.413604736328125,0.039648433705638864,-0.031910859693670135
CARR,2022-02-08,2022-02-08,43.286659240722656,-0.04884916620973134,-0.1699424129253927
CARR,2021-02-09,2021-02-09,34.64255142211914,0.05315428774419462,0.19788650063311164
CTAS,2025-07-28,2025-07-28,218.30825805664065,-0.03156429871986233,-0.13232266609818233
CTAS,2024-07-25,2024-07-25,185.52764892578125,0.046731898206557654,0.11355823054033576
CTAS,2023-07-27,2023-07-27,122.84178161621094,-0.014210069139298231,-0.0032791511744711954
CTAS,2022-07-27,2022-07-27,98.61612701416016,0.061733138178619695,0.005526306159620242
CTAS,2021-07-28,2021-07-28,93.1582260131836,0.0016707021494319907,0.10549181908752625
CTAS,2020-07-29,2020-07-29,71.90471649169922,0.07514704719887488,0.05954877054376828
CTAS,2019-07-26,2019-07-26,60.94062042236328,-0.005158928034659671,0.040696784231676775
CTAS,2018-07-27,2018-07-27,47.20643997192383,0.03419021671716549,-0.1528558043165653
CTAS,2017-07-31,2018-01-02,36.113399505615234,0.05310771380442891,0.08039528416396857
CTAS,2016-07-29,2018-01-02,36.113399505615234,0.05310771380442891,0.08039528416396857
CTAS,2015-07-30,2018-01-02,36.113399505615234,0.05310771380442891,0.08039528416396857
CTAS,2014-07-30,2018-01-02,36.113399505615234,0.05310771380442891,0.08039528416396857
CTAS,2013-07-30,2018-01-02,36.113399505615234,0.05310771380442891,0.08039528416396857
CTAS,2012-07-30,2018-01-02,36.113399505615234,0.05310771380442891,0.08039528416396857
CTAS,2011-07-29,2018-01-02,36.113399505615234,0.05310771380442891,0.08039528416396857
CTAS,2010-07-30,2018-01-02,36.113399505615234,0.05310771380442891,0.08039528416396857
CTAS,2009-07-30,2018-01-02,36.113399505615234,0.05310771380442891,0.08039528416396857
CTAS,2008-07-30,2018-01-02,36.113399505615234,0.05310771380442891,0.08039528416396857
DAL,2026-02-11,2026-02-11,71.03800201416016,-0.17474500576892527,-0.0024775823847963396
DAL,2025-02-11,2025-02-11,63.63948059082031,-0.32004588223926234,-0.17721385520863875
DAL,2024-02-12,2024-02-12,39.45927810668945,0.08463533446835392,0.3114165653117411
DAL,2023-02-10,2023-02-10,36.93466567993164,-0.07073618901322132,-0.12942098599275098
DAL,2022-02-11,2022-02-11,40.96003723144531,-0.1764704731896689,-0.09449553468484262
DAL,2021-02-12,2021-02-12,41.88896942138672,0.14091004214392533,0.06976213880375659
DAL,2020-02-13,2020-02-13,56.82364654541016,-0.390200227202269,-0.6699826960002224
DAL,2019-02-15,2019-02-15,47.78971099853516,0.004623003617717947,0.08863577331221961
DAL,2018-02-23,2018-02-23,49.07577896118164,0.0299289051211431,0.023631237222521584
DAL,2017-02-13,2018-01-02,51.78793716430664,-0.005639774668296349,-0.045280175593553795
EMR,2025-11-10,2025-11-10,128.4139404296875,0.05857764549648414,0.1950238220400451
EMR,2024-11-12,2024-11-12,124.74727630615234,0.025693731986820234,-0.03137850420849031
EMR,2023-11-13,2023-11-13,82.42568969726562,0.07137656543591553,0.23412173607190123
EMR,2022-11-14,2022-11-14,88.63325500488281,0.03091043748576472,-0.08302556058883714
EMR,2021-11-15,2021-11-15,88.06421661376953,-0.037870601580056285,-0.010384957557352248
EMR,2020-11-16,2020-11-16,69.74309539794922,0.04218515677141066,0.08839531330489203
EMR,2019-11-18,2019-11-18,63.40657806396485,0.04064601513182731,-0.007790199459091207
EMR,2018-11-19,2018-11-19,57.643463134765625,-0.17177911715049432,0.008538412831859965
EMR,2017-11-20,2018-01-02,57.94742965698242,0.02601120129058998,-0.03030017765625803
EMR,2016-11-16,2018-01-02,57.94742965698242,0.02601120129058998,-0.03030017765625803
EMR,2015-11-18,2018-01-02,57.94742965698242,0.02601120129058998,-0.03030017765625803
EMR,2014-11-19,2018-01-02,57.94742965698242,0.02601120129058998,-0.03030017765625803
EMR,2013-11-19,2018-01-02,57.94742965698242,0.02601120129058998,-0.03030017765625803
FTV,2026-02-25,2026-02-25,58.198978424072266,-0.05915676799803471,0.02838748277538916
FTV,2025-02-25,2025-02-25,59.59342575073242,-0.05445172112075625,-0.10890337822946383
FTV,2024-02-27,2024-02-27,64.26958465576172,-0.0011610952258342966,-0.13423132136577842
FTV,2023-02-28,2023-02-28,49.54255676269531,0.009150951037953714,0.0098088253094335
FTV,2022-03-01,2022-03-01,46.8831672668457,-0.0194127146303692,-0.023939432427992458
FTV,2021-02-26,2021-02-26,48.51236343383789,0.0698877310104995,0.09906367151638817
FTV,2020-02-27,2020-02-27,43.17652893066406,-0.293640755975102,-0.1235206036718044
FTV,2019-02-28,2019-02-28,49.91135787963867,0.02844176493009032,-0.057125505475672744
GEV,2026-01-29,2026-01-29,716.5902709960938,0.22831384897639517,0.5111935788712942
GEV,2025-02-06,2025-02-06,373.53326416015625,-0.2793265782882234,0.05194462586330095
GNRC,2026-02-18,2026-02-18,228.3500061035156,-0.12042916253540059,0.06840374293708873
GNRC,2025-02-19,2025-02-19,142.4199981689453,-0.06361464453781518,-0.10644569742748722
GNRC,2024-02-21,2024-02-21,113.62000274658205,0.05553597435363167,0.3574193979869329
GNRC,2023-02-22,2023-02-22,118.6999969482422,-0.09764108370570834,-0.009688238635640833
GNRC,2022-02-22,2022-02-22,282.4700012207031,0.1239777281209753,-0.18338231609693934
GNRC,2021-02-23,2021-02-23,333.0400085449219,-0.10857555469114744,-0.06725916803314924
GNRC,2020-02-25,2020-02-25,107.30999755859376,-0.1820892867401107,0.09961795438089771
GNRC,2019-02-26,2019-02-26,51.970001220703125,-0.028670418385005392,0.08620356815484631
GNRC,2018-02-26,2018-02-26,46.20000076293945,-0.024458897174341465,0.061471863759493095
GNRC,2017-02-24,2018-01-02,48.02999877929688,0.024984401279158464,-0.04851130700760631
GNRC,2016-02-26,2018-01-02,48.02999877929688,0.024984401279158464,-0.04851130700760631
GNRC,2015-02-27,2018-01-02,48.02999877929688,0.024984401279158464,-0.04851130700760631
GNRC,2014-03-03,2018-01-02,48.02999877929688,0.024984401279158464,-0.04851130700760631
MMM,2026-02-03,2026-02-03,154.18714904785156,0.00790682931265696,-0.07848886604388072
MMM,2025-02-05,2025-02-05,148.19029235839844,-0.0356074090907359,-0.08610114356773657
MMM,2024-02-07,2024-02-07,73.7140884399414,0.0172599396823776,0.24838682600532214
MMM,2023-02-08,2023-02-08,85.37114715576172,-0.0851383232555244,-0.11292013497689446
MMM,2022-02-09,2022-02-09,116.28534698486328,-0.13027025172235762,-0.09664327981171195
MMM,2021-02-04,2021-02-04,121.97840881347656,0.04621323028575142,0.1523316867186384
MMM,2020-02-06,2020-02-06,108.1637191772461,-0.1075908666252624,-0.09718361866753289
MMM,2019-02-07,2019-02-07,128.37416076660156,0.04349392479302283,-0.11683417667790419
NDSN,2025-12-17,2025-12-17,236.66976928710935,0.11765429495970126,0.10697564664718318
NDSN,2024-12-18,2024-12-18,207.70703125,0.034968625406691434,-0.01715839394523533
NDSN,2023-12-20,2023-12-20,246.94761657714844,-0.0028229804586134,0.05551416683643362
NDSN,2022-12-19,2022-12-19,223.44265747070312,0.0017994968155918833,-0.10754750662032642
NDSN,2021-12-17,2021-12-17,234.95068359375,-0.04428835215169402,-0.07231144750706076
NDSN,2020-12-18,2020-12-18,186.7801513671875,-0.03336196974974892,-0.0009454428884853039
NDSN,2019-12-13,2019-12-13,150.17649841308594,0.03006350254984591,-0.31542388833451696
NDSN,2018-12-14,2018-12-14,108.99290466308594,0.04621012104367406,0.127514731639927
NDSN,2017-12-15,2018-01-02,134.57774353027344,-0.02170655262482668,-0.07710165904980526
NDSN,2016-12-15,2018-01-02,134.57774353027344,-0.02170655262482668,-0.07710165904980526
NDSN,2015-12-15,2018-01-02,134.57774353027344,-0.02170655262482668,-0.07710165904980526
TT,2026-02-05,2026-02-05,434.1153869628906,-0.017422381702530743,0.07977353821166577
TT,2025-02-06,2025-02-06,353.47125244140625,-0.051458548060158815,0.13717899328869487
TT,2024-02-08,2024-02-08,264.07196044921875,0.05119800857726298,0.23697445196004674
TT,2023-02-10,2023-02-10,176.3721923828125,0.03673155039204978,-0.025603855372321238
TT,2022-02-07,2022-02-07,148.56576538085938,-0.0340541468792489,-0.13924162570870602
TT,2021-02-09,2021-02-09,136.11138916015625,0.12245291471173947,0.25891897442612244
TT,2020-02-18,2020-02-18,103.12032318115234,-0.25824302371667396,-0.2727187038770623
TT,2019-02-12,2019-02-12,72.4936294555664,0.02631846207357813,0.1742360594766197
UNP,2026-02-06,2026-02-06,250.0077972412109,-0.004363938600303596,0.05309569507445189
UNP,2025-02-07,2025-02-07,233.99327087402344,-0.012362582990799509,-0.10149825402480073
UNP,2024-02-09,2024-02-09,235.895751953125,0.01213001783221146,-0.0031016198023452457
UNP,2023-02-10,2023-02-10,189.55300903320312,-0.04395926567710029,-0.0251468579790326
UNP,2022-02-04,2022-02-04,218.5995178222656,0.05083330901880223,-0.04816804082160864
UNP,2021-02-05,2021-02-05,180.69143676757807,0.04151322004081526,0.12898645255946906
ACN,2025-10-10,2025-10-10,238.91392517089844,0.014983014808976458,0.16609938659922108
ACN,2024-10-10,2024-10-10,352.9940185546875,-0.015343253356904007,-0.03304080917735319
ACN,2023-10-12,2023-10-12,292.8447570800781,0.05036819228804856,0.17075205891826917
ADSK,2026-03-03,2026-03-03,253.3999938964844,-0.061286500210576245,-0.06606152579945779
ADSK,2025-03-06,2025-03-06,260.3900146484375,-0.057145125790217466,0.14528201714394218
ADSK,2024-06-10,2024-06-10,218.1999969482422,0.14010086045725312,0.180614064869435
ADSK,2023-03-14,2023-03-14,199.22000122070312,-0.014606985464705402,0.07062539895199804
ADSK,2022-03-14,2022-03-14,188.6999969482422,0.039427676532750144,-0.08267085901970328
ADSK,2021-03-19,2021-03-19,261.5,0.09506686558914912,0.06302107451750727
ADSK,2020-03-19,2020-03-19,149.22999572753906,0.1919185164485211,0.5953227510565764
ADSK,2019-03-25,2019-03-25,154.69000244140625,0.1397633639922966,0.08927530765166747
ADSK,2018-03-22,2018-03-22,131.41000366210938,-0.016969872339872127,0.04816986267903034
ADSK,2017-03-21,2018-01-02,107.12000274658205,0.07888346463388962,0.19025389031805484
ADSK,2016-03-23,2018-01-02,107.12000274658205,0.07888346463388962,0.19025389031805484
APH,2026-02-11,2026-02-11,143.539306640625,-0.0702581654156823,-0.13297449386583937
APH,2025-02-07,2025-02-07,69.02613067626953,-0.11690544447444706,0.161740956759588
APH,2024-02-07,2024-02-07,51.12030029296875,0.058987096369790715,0.21681717917032306
APH,2023-02-08,2023-02-08,39.45718002319336,-0.05880922085765672,-0.06905859285231664
APH,2022-02-09,2022-02-09,38.39555740356445,-0.0797599443228203,-0.14303451557922797
APH,2021-02-10,2021-02-10,31.2412052154541,-0.023911209386381915,-0.0204837921609895
APH,2020-02-12,2020-02-12,24.37989616394043,-0.2312893035386162,-0.20736097321196456
APH,2019-02-13,2019-02-13,21.415483474731445,0.03875477483240153,0.01758470721234051
APH,2018-02-21,2018-02-21,20.876617431640625,-0.022864665940636075,-0.023640611181359072
APH,2017-02-17,2018-01-02,20.271699905395508,0.05717548459952182,-0.030000068685137826
APH,2016-02-19,2018-01-02,20.271699905395508,0.05717548459952182,-0.030000068685137826
APH,2015-02-20,2018-01-02,20.271699905395508,0.05717548459952182,-0.030000068685137826
CDNS,2026-02-19,2026-02-19,296.5899963378906,-0.04278634680230131,0.18308108493546582
CDNS,2025-02-21,2025-02-21,258.3399963378906,0.03410233677897434,0.22563292316797368
CDNS,2024-02-14,2024-02-14,300.739990234375,-0.007647761746538251,-0.02540395151607644
CDNS,2023-02-13,2023-02-13,185.6999969482422,0.09283794171504023,0.0894453467060694
CDNS,2022-02-22,2022-02-22,135.2100067138672,0.16330142353288624,0.0918570930569409
CDNS,2021-02-22,2021-02-22,133.16000366210938,-0.03687296130276774,-0.07284473048116058
CDNS,2020-02-24,2020-02-24,71.38999938964844,-0.11276088115820604,0.20535094253320696
GEN,2025-05-15,2025-05-15,28.291831970214844,0.04076014483315249,0.09103005527919117
GEN,2024-05-16,2024-05-16,24.35796546936035,-0.06308080230285384,-0.0005930814937353812
GEN,2023-05-25,2023-05-25,15.850912094116213,0.09619932415155241,0.20700894043795248
GEN,2022-05-20,2022-05-20,22.21594619750977,-0.08420849562062571,-0.03406260232835168
GEN,2021-05-21,2021-05-21,23.96456527709961,0.019452125357380723,-0.027339690269297168
GEN,2020-05-28,2020-05-28,18.33572578430176,-0.08169006348665775,0.16922875117247616
GEN,2019-05-24,2019-05-24,9.860254287719728,0.0520222693652308,0.17817707050798548
GEN,2018-10-26,2018-10-26,9.204339027404783,0.17536164776915908,0.11995587398327467
GEN,2017-05-19,2018-01-02,14.124025344848633,-0.05361450965198511,-0.09468515907440023
GEN,2016-05-20,2018-01-02,14.124025344848633,-0.05361450965198511,-0.09468515907440023
GEN,2015-05-22,2018-01-02,14.124025344848633,-0.05361450965198511,-0.09468515907440023
GEN,2014-05-16,2018-01-02,14.124025344848633,-0.05361450965198511,-0.09468515907440023
GLW,2026-02-12,2026-02-12,131.05416870117188,0.0060567490137699576,0.5868344765709064
GLW,2025-02-13,2025-02-13,50.96472930908203,-0.09558028691106901,-0.08129798149684231
GLW,2024-02-12,2024-02-12,30.574535369873047,0.025949256456481162,0.07453538901333023
GLW,2023-02-13,2023-02-13,32.71231842041016,-0.07261107375592679,-0.11811843451535098
GLW,2022-02-14,2022-02-14,36.7336311340332,-0.09032814888331187,-0.14177297452900195
HPQ,2025-12-10,2025-12-10,24.48965072631836,-0.159190179156253,-0.23631849204377386
HPQ,2024-12-13,2024-12-13,32.16407012939453,-0.06367591605786693,-0.1590919441559141
HPQ,2023-12-18,2023-12-18,27.25047874450684,-0.03767356830102475,-0.010315880081743778
HPQ,2022-12-06,2022-12-06,24.37025451660156,0.010927968248025444,0.00341112082993944
HPQ,2021-12-09,2021-12-09,30.43631172180176,0.07773180744498798,0.010960311624837349
HPQ,2020-12-10,2020-12-10,19.00464630126953,0.11825631067649356,0.33747662061913863
HPQ,2019-12-12,2019-12-12,16.156930923461914,0.04747921852321224,-0.2855855084799287
HPQ,2018-12-13,2018-12-13,17.045320510864258,-0.05742482899366064,-0.0973947528701169
HPQ,2017-12-14,2018-01-02,15.91005516052246,0.0928706528396559,0.01624705342032229
HPQ,2016-12-15,2018-01-02,15.91005516052246,0.0928706528396559,0.01624705342032229
INTU,2025-09-03,2025-09-03,664.1805419921875,0.01971055880324224,-0.04768839803659897
INTU,2024-09-04,2024-09-04,614.9376831054688,-0.03095798479802614,0.02244584417147988
INTU,2023-09-01,2023-09-01,539.1416625976562,-0.07663746616920042,0.0467988340027512
INTU,2022-09-02,2022-09-02,409.022705078125,-0.019164049811473016,-0.027065723902428007
INTU,2021-09-08,2021-09-08,549.66455078125,-0.051401756042614766,0.18775422776498085
INTU,2020-08-31,2020-08-31,332.4921264648437,-0.05553146725932423,0.02099429633609695
Q,2026-02-26,2026-02-26,124.6372528076172,-0.10376909211754282,0.27473930389055035
SNPS,2025-12-22,2025-12-22,481.239990234375,0.041871051498128864,-0.14776408194366863
SNPS,2024-12-19,2024-12-19,493.3500061035156,0.11794865958027079,-0.07321373197593262
SNPS,2023-12-12,2023-12-12,567.0599975585938,-0.12813459594211896,-0.01366698415223555
SNPS,2022-12-12,2022-12-12,334.3399963378906,-0.003708770257692562,0.09714665113982734
SNPS,2021-12-13,2021-12-13,362.2300109863281,-0.06526244080126686,-0.2118267638216873
SNPS,2020-12-15,2020-12-15,242.7400054931641,0.06665571215464916,-0.0632364083222694
SNPS,2019-12-20,2019-12-20,139.8800048828125,0.10780670077677135,-0.13761800798850166
SNPS,2018-12-17,2018-12-17,85.62999725341797,0.04099033339733493,0.2760714720063224
SNPS,2017-12-14,2018-01-02,86.02999877929688,0.06218759211941949,-0.03824248474032388
SNPS,2016-12-12,2018-01-02,86.02999877929688,0.06218759211941949,-0.03824248474032388
SNPS,2015-12-14,2018-01-02,86.02999877929688,0.06218759211941949,-0.03824248474032388
TDY,2026-02-20,2026-02-20,668.719970703125,-0.06717308421778578,-0.09211624937889662
TDY,2025-02-21,2025-02-21,491.0299987792969,0.03394907331359831,-0.0060892211103357186
TDY,2024-02-23,2024-02-23,432.8699951171875,-0.025088330154698024,-0.073671043247583
TDY,2023-02-24,2023-02-24,429.6400146484375,-0.005679178750151559,-0.08032308115868492
TDY,2022-02-25,2022-02-25,428.6300048828125,0.09845316755412536,-0.0942071353447419
TDY,2021-02-26,2021-02-26,371.0,0.09466305961506061,0.12490565050644364
TDY,2020-02-24,2020-02-24,370.05999755859375,-0.28222451259371706,-0.08585091396873168
TDY,2019-02-25,2019-02-25,235.3600006103516,-0.017037706052162704,0.018609809956891432
TDY,2018-02-27,2018-02-27,187.47999572753903,-0.020748877097808593,0.05616598580789378
TDY,2017-03-02,2018-01-02,184.33999633789065,0.04155367155410339,0.01231422543971461
TDY,2016-03-01,2018-01-02,184.33999633789065,0.04155367155410339,0.01231422543971461
TDY,2015-02-26,2018-01-02,184.33999633789065,0.04155367155410339,0.01231422543971461
ZBRA,2026-02-12,2026-02-12,274.1499938964844,-0.2559912246515692,-0.058544549153005
ZBRA,2025-02-13,2025-02-13,323.4200134277344,-0.11795814368360613,-0.07751532460380794
ZBRA,2024-02-15,2024-02-15,283.75,0.007823792848292932,0.12725986026982383
ZBRA,2023-02-16,2023-02-16,333.44000244140625,-0.12775913445178644,-0.16227811742128662
ZBRA,2022-02-10,2022-02-10,466.6300048828125,-0.1854574451693375,-0.3212609607043103
ZBRA,2021-02-11,2021-02-11,470.0799865722656,0.01708219666582722,0.004020623516051147
ZBRA,2020-02-13,2020-02-13,233.32000732421875,-0.2881879109481089,-0.04950284025882146
ZBRA,2019-02-14,2019-02-14,196.47000122070312,0.08520387534562746,-0.03282942387218013
ZBRA,2018-02-22,2018-02-22,135.24000549316406,0.0082076350581608,0.13102632727709262
ZBRA,2017-02-27,2018-01-02,103.70999908447266,0.17153602422691416,0.34490403007265913
ZBRA,2016-02-29,2018-01-02,103.70999908447266,0.17153602422691416,0.34490403007265913
APD,2025-11-20,2025-11-20,246.18801879882807,-0.025130440484789185,0.12115150830739596
APD,2024-11-21,2024-11-21,314.447265625,-0.10742533245961106,-0.03984099859003598
APD,2023-11-16,2023-11-16,254.73806762695312,-0.008772103219057525,-0.160983662058087
APD,2022-11-22,2022-11-22,281.14263916015625,0.011126534629864127,-0.08639767220169337
APD,2021-11-18,2021-11-18,262.7243347167969,-0.004152073812477286,-0.17914453224324323
APD,2020-11-19,2020-11-19,234.72506713867188,-0.021712036618222963,-0.02116402701121811
APD,2019-11-26,2019-11-26,199.145751953125,0.004650064790897579,-0.05845623886693774
APD,2018-11-20,2018-11-20,130.75979614257812,-0.015041529970217571,0.15777257740673467
APD,2017-11-16,2018-01-02,134.55661010742188,0.007733915214062748,-0.013561794549562967
APD,2016-11-21,2018-01-02,134.55661010742188,0.007733915214062748,-0.013561794549562967
DOW,2026-02-03,2026-02-03,29.829769134521484,0.11903546110174368,0.3539930905233517
DOW,2025-02-04,2025-02-04,35.09199142456055,-0.010775120106140235,-0.2390578265068911
DOW,2024-01-31,2024-01-31,46.24199676513672,0.053592037394298186,0.08117373100385072
DOW,2023-02-01,2023-02-01,49.2922248840332,-0.01967649515027514,-0.10910238242591264
DOW,2022-02-04,2022-02-04,47.20484924316406,-0.034029341705841376,0.1344812560830897
DOW,2021-02-05,2021-02-05,42.66157913208008,0.09978846471450686,0.2195531854717454
DOW,2020-02-07,2020-02-07,33.648860931396484,-0.33543592809171274,-0.27342408274398133
MLM,2026-02-19,2026-02-19,673.6088256835938,-0.16882043222943843,-0.19655654236020836
MLM,2025-02-21,2025-02-21,485.7348327636719,0.003375918124011612,0.15469317206061928
MLM,2024-02-23,2024-02-23,541.1658325195312,0.10371375907478764,0.04650333430666409
MLM,2023-02-24,2023-02-24,354.7234802246094,-0.0618737137675065,0.1044136233771027
MLM,2022-02-22,2022-02-22,369.72650146484375,-0.010195376088777075,-0.12140040963424614
MLM,2021-02-19,2021-02-19,325.1268615722656,-0.04154628268694316,0.07800008954587567
MLM,2020-02-21,2020-02-21,240.61192321777344,-0.42540771956268164,-0.2878196442164096
MLM,2019-02-25,2019-02-25,178.88143920898438,0.04577804611617986,0.12753090587924376
MLM,2018-02-23,2018-02-23,198.8781280517578,-0.00868557660282665,0.03451198000380096
MLM,2017-02-24,2018-01-02,211.4925079345703,-0.004088778851766839,-0.08968149702753292
MLM,2016-02-23,2018-01-02,211.4925079345703,-0.004088778851766839,-0.08968149702753292
STLD,2026-02-27,2026-02-27,192.0984649658203,-0.11054735485070133,0.3511888804558452
STLD,2025-02-28,2025-02-28,132.4286346435547,-0.0702116630062325,-0.08515311315114238
STLD,2024-02-29,2024-02-29,129.3046875,0.1189323435895111,0.0007872211271222618
STLD,2023-02-28,2023-02-28,119.99764251708984,-0.12409822758689404,-0.25946141392878874
STLD,2022-02-28,2022-02-28,66.01319122314453,0.19240608560712236,0.24888214143434695
STLD,2021-03-01,2021-03-01,40.424930572509766,0.17131478615058215,0.4259979071737474
STLD,2020-02-27,2020-02-27,23.78919219970703,-0.24544433672204558,0.015110658840953306
DLR,2026-02-13,2026-02-13,178.5556640625,0.003581920220300683,0.048756757920816574
DLR,2025-02-25,2025-02-25,151.3836212158203,-0.047423883515872345,0.0882576558976409
DLR,2024-02-23,2024-02-23,127.92442321777344,0.00847565888624957,0.040816087971177195
DLR,2023-02-27,2023-02-27,93.35057067871094,-0.11818117327029565,-0.04612735608728791
DLR,2022-02-25,2022-02-25,117.9375457763672,0.0309527367480662,0.0009511389019885019
DLR,2021-03-01,2021-03-01,110.3373031616211,0.0714916771255909,0.1497820065383173
DLR,2020-03-02,2020-03-02,104.81443786621094,0.07290913143301192,0.10017390876471932
DLR,2019-02-25,2019-02-25,90.72679138183594,0.02474280050811739,0.034137639380336315
DLR,2018-03-01,2018-03-01,73.89354705810547,0.05079266419730777,0.09724280164681276
HST,2026-02-25,2026-02-25,18.7821044921875,-0.014713271709247855,0.20397376643507537
HST,2025-02-26,2025-02-26,14.40022087097168,-0.09244227345582301,-0.023161214978337896
HST,2024-02-28,2024-02-28,17.665084838867188,0.012412876749483326,-0.12907030454375445
HST,2023-02-22,2023-02-22,13.903553009033203,-0.1299765991089059,-0.0076667481541171645
HST,2022-02-24,2022-02-24,14.563796043395996,0.03244993679952923,0.04809816775277098
HST,2021-02-25,2021-02-25,12.88608455657959,0.050733571742947126,0.04278717667999632
HST,2020-02-25,2020-02-25,11.907124519348145,-0.21117598178690922,-0.1949528754297476
HST,2019-02-26,2019-02-26,14.540238380432127,-0.03553316505477133,-0.031429284470678276
HST,2018-02-27,2018-02-27,13.046192169189451,0.015405787342093635,0.17671158114621122
HST,2017-02-24,2018-01-02,14.069287300109863,0.03159458694964479,-0.04626408816762373
HST,2016-02-22,2018-01-02,14.069287300109863,0.03159458694964479,-0.04626408816762373
IRM,2026-02-12,2026-02-12,104.4288330078125,0.022609356607569353,0.215014418788962
IRM,2025-02-14,2025-02-14,90.7235870361328,-0.07324896256278302,0.06414534902006697
IRM,2024-02-22,2024-02-22,66.65906524658203,0.11109691881905936,0.13207140966199793
IRM,2023-02-23,2023-02-23,46.74135208129883,-0.03259504944313474,0.024931516575783963
IRM,2022-02-24,2022-02-24,38.36262893676758,0.1886754610162369,0.144105826530873
IRM,2021-02-24,2021-02-24,27.663312911987305,0.08187544243499678,0.2685472784132814
IRM,2020-02-13,2020-02-13,24.39581871032715,-0.2441207042606448,-0.30519274754924286
IRM,2019-02-14,2019-02-14,23.956247329711918,0.004645471769724185,-0.06633183049040003
REG,2026-02-13,2026-02-13,74.73821258544922,0.02552713139440277,0.008163259472889539
REG,2025-02-14,2025-02-14,68.161376953125,-0.0031835512860464155,0.03031335851340855
REG,2024-02-16,2024-02-16,55.026947021484375,-0.015167087880305408,0.012263237172394748
REG,2023-02-17,2023-02-17,55.79119110107422,-0.0869096524754388,-0.09414019215708436
REG,2022-02-17,2022-02-17,55.54752349853516,0.020634895563285127,-0.028536100457028812
REG,2021-02-17,2021-02-17,42.71552276611328,0.0903075100436539,0.20801415086672903
REG,2020-02-18,2020-02-18,48.94451904296875,-0.4062220587923536,-0.3400008510961995
REG,2019-02-21,2019-02-21,48.79099655151367,0.004940162703405582,0.018308140088084235
REG,2018-02-27,2018-02-27,41.43328475952149,0.01916772537682898,0.011281420306445966
REG,2017-02-27,2018-01-02,49.27688217163086,-0.12726512948689772,-0.13753999473123535
VTR,2026-02-06,2026-02-06,81.54644775390625,0.042761929318883896,0.06383391576856368
VTR,2025-02-13,2025-02-13,62.395774841308594,0.05866961494259404,0.005324125106577204
VTR,2024-02-15,2024-02-15,41.06011962890625,-0.03257190116674047,0.11326895748510912
VTR,2023-02-10,2023-02-10,45.53384017944336,-0.09511676990669649,-0.0789300948868853
VTR,2022-02-18,2022-02-18,45.5445556640625,0.13770316214644285,0.07532544806902153
VTR,2021-02-23,2021-02-23,45.470245361328125,-0.018308099027563696,0.01844501462782122
VTR,2020-02-24,2020-02-24,49.42423629760742,-0.5923869506548454,-0.4502011266053717
ED,2026-02-19,2026-02-19,110.99030303955078,-0.022069367428753872,-0.042258646560516366
ED,2025-02-20,2025-02-20,91.89678192138672,0.12573101332949244,0.10815356790461172
ED,2024-02-15,2024-02-15,81.8107681274414,0.008728165481235228,0.10792176628756933
ED,2023-02-16,2023-02-16,82.0054931640625,0.05727700587535667,0.04899473644254382
ED,2022-02-17,2022-02-17,70.44161987304688,0.09969333658546309,0.17390774580187163
ED,2021-02-18,2021-02-18,58.22304153442383,0.032562198036653944,0.12475380534175162
ED,2020-02-20,2020-02-20,75.47236633300781,-0.23250166745616851,-0.24410112740052525
EVRG,2026-02-19,2026-02-19,78.20985412597656,-0.002093429382656886,0.05445891678979131
EVRG,2025-02-27,2025-02-27,64.85209655761719,8.870281427908466e-05,-0.014086453950887035
EVRG,2024-02-29,2024-02-29,44.770755767822266,0.07809159293939327,0.10207044162235657
EVRG,2023-02-24,2023-02-24,52.40874862670898,-0.014557773881386571,-0.03369525904276238
EVRG,2022-02-25,2022-02-25,52.14310073852539,0.0805848210853155,0.13204790898764296
EVRG,2021-02-26,2021-02-26,43.17268371582031,0.1328153136834591,0.16439580966047163
EVRG,2020-03-02,2020-03-02,53.93209457397461,-0.2010236260850652,-0.07832097595306253
EVRG,2019-02-22,2019-02-22,41.77172470092773,0.050554386780085725,0.08036259040582538
EXC,2026-02-12,2026-02-12,46.70705032348633,0.06667966353731747,-0.05825053681513348
EXC,2025-02-12,2025-02-12,40.65185546875,0.03989662783016046,0.0031189943546936494
EXC,2024-02-21,2024-02-21,32.947044372558594,0.03360453497621241,0.08596053894524291
EXC,2023-02-14,2023-02-14,36.912479400634766,0.011558655427621023,-0.0470830790631005
EXC,2022-02-25,2022-02-25,36.55411148071289,0.0802819448614398,0.16224008058072048
EXC,2021-02-24,2021-02-24,23.58871459960937,0.08961776558790624,0.1384221914600463
EXC,2020-02-11,2020-02-11,27.89669609069824,-0.2796880985741529,-0.2478283904932227
EXC,2019-02-08,2019-02-08,26.155601501464844,0.04431801840405081,0.04157282673724061
EXC,2018-02-09,2018-02-09,19.53891944885254,0.025292509650263417,0.11292460255596892
PNW,2026-02-25,2026-02-25,98.91295623779295,-0.01232591311851794,0.0392976508013787
PNW,2025-02-25,2025-02-25,88.75888061523438,-0.0018248545359712542,-0.007759370881613603
PNW,2024-02-27,2024-02-27,62.9837532043457,0.07274329858862805,0.12141903611893601
PNW,2023-02-27,2023-02-27,64.61174011230469,0.046687425240205416,0.04767823974853558
PNW,2022-02-25,2022-02-25,59.84724807739258,0.06570377198165,0.1004829813653827
PNW,2021-02-24,2021-02-24,58.07802200317383,0.0986861243871433,0.19002916621920618
PNW,2020-02-21,2020-02-21,79.07575225830078,-0.3927606297463765,-0.2951481468152657
PNW,2019-02-22,2019-02-22,68.89667510986328,0.034863807628101595,0.052210610242596545
PNW,2018-02-23,2018-02-23,57.224266052246094,-0.02482868139839778,-0.018214588122736797
PNW,2017-02-24,2018-01-02,59.369747161865234,-0.05646116538758872,-0.03721996118720161
PNW,2016-02-19,2018-01-02,59.369747161865234,-0.05646116538758872,-0.03721996118720161
SO,2026-02-19,2026-02-19,94.26947021484376,-0.017464508184143912,-0.006889478287950057
SO,2025-02-20,2025-02-20,84.33120727539062,0.017535866597427452,0.029540162084994215
SO,2024-02-15,2024-02-15,61.37648010253906,0.04975053258415629,0.2003627712922409
SO,2023-02-16,2023-02-16,58.10694122314453,0.051702865197875036,0.10037652669778718
SO,2022-02-17,2022-02-17,54.9897689819336,0.07422430347664011,0.15405198304738343
SO,2021-02-18,2021-02-18,49.26082611083984,-0.0025061505734725875,0.07984865368844685
